Order,Scalable Brain ID,Label (provisional),X,Y,Z,UMLS ID,UMLS ID (Boyu),LBD ID,MeSH descriptor name,MeSH descriptor ID,Wikidata,Remarks
271,Str_L_6_5(dCa),striatum - dorsal caudate,-14.435,2.059,16.307,C0010097,C0010097,http://www.linked-neuron-data.org/resource/caudate,Corpus Striatum,https://meshb.nlm.nih.gov/record/ui?ui=D003342,https://www.wikidata.org/wiki/Q1319792,Could be more specific
2,Str_R_6_5(dCa),striatum - dorsal caudate,13.91,5.63,14.321,C0010097,C0010097,http://www.linked-neuron-data.org/resource/caudate,Corpus Striatum,https://meshb.nlm.nih.gov/record/ui?ui=D003342,https://www.wikidata.org/wiki/Q1319792,Could be more specific
110,Str_L_6_6(dlPu),striatum - dorsolateral putamen,-28.28,-5.142,1.277,C0010097,C0010097,http://www.linked-neuron-data.org/resource/dorsal_striatum,Corpus Striatum,https://meshb.nlm.nih.gov/record/ui?ui=D003342,https://www.wikidata.org/wiki/Q1319792,Could be more specific
209,Str_R_6_6(dlPu),striatum - dorsolateral putamen,29.111,-3.366,1.366,C0010097,C0010097,http://www.linked-neuron-data.org/resource/dorsal_striatum,Corpus Striatum,https://meshb.nlm.nih.gov/record/ui?ui=D003342,https://www.wikidata.org/wiki/Q1319792,Could be more specific
198,Str_L_6_2(GP),striatum - globus pallidus,-21.757,-1.882,3.93,,C0010097,http://www.linked-neuron-data.org/resource/globus_pallidus,Globus Pallidus,https://www.wikidata.org/wiki/Q1759633,https://www.wikidata.org/wiki/Q1759633,Could be more specific
252,Str_R_6_2(GP),striatum - globus pallidus,21.945,-1.905,3.576,,C0010097,http://www.linked-neuron-data.org/resource/globus_pallidus,Globus Pallidus,https://www.wikidata.org/wiki/Q1759633,https://www.wikidata.org/wiki/Q1759633,Could be more specific
130,Str_L_6_1(vCa),striatum - ventral caudate,-11.794,14.614,-0.002,C0010097,C0010097,http://www.linked-neuron-data.org/resource/caudate,Corpus Striatum,https://meshb.nlm.nih.gov/record/ui?ui=D003342,https://www.wikidata.org/wiki/Q1319792,Could be more specific
199,Str_R_6_1(vCa),striatum - ventral caudate,14.674,14.668,-2.538,C0010097,C0010097,http://www.linked-neuron-data.org/resource/caudate,Corpus Striatum,https://meshb.nlm.nih.gov/record/ui?ui=D003342,https://www.wikidata.org/wiki/Q1319792,Could be more specific
82,Str_L_6_4(vmPu),striatum - ventromedial putamen,-22.437,6.639,-3.561,C0010097,C0010097,http://www.linked-neuron-data.org/resource/ventral_striatum,Corpus Striatum,https://meshb.nlm.nih.gov/record/ui?ui=D003342,https://www.wikidata.org/wiki/Q1319792,Could be more specific
175,Str_R_6_4(vmPu),striatum - ventromedial putamen,21.653,7.962,-1.535,C0010097,C0010097,http://www.linked-neuron-data.org/resource/ventral_striatum,Corpus Striatum,https://meshb.nlm.nih.gov/record/ui?ui=D003342,https://www.wikidata.org/wiki/Q1319792,Could be more specific
49,Hipp_L_2_1(rHipp),Hippocampus,-22.092,-13.753,-18.903,C0019564,C0019564,http://www.linked-neuron-data.org/resource/hippocampus,Hippocampus,https://meshb.nlm.nih.gov/record/ui?ui=D006624,https://www.wikidata.org/wiki/Q48360,LBD could be more specific
251,Hipp_L_2_2(cHipp),Hippocampus,-27.766,-30.024,-10.025,C0019564,C0019564,http://www.linked-neuron-data.org/resource/hippocampus,Hippocampus,https://meshb.nlm.nih.gov/record/ui?ui=D006624,https://www.wikidata.org/wiki/Q48360,
125,Hipp_R_2_1(rHipp),Hippocampus,21.883,-12.495,-20.004,C0019564,C0019564,http://www.linked-neuron-data.org/resource/hippocampus,Hippocampus,https://meshb.nlm.nih.gov/record/ui?ui=D006624,https://www.wikidata.org/wiki/Q48360,
12,Hipp_R_2_2(cHipp),Hippocampus,29.097,-27.226,-10.235,C0019564,C0019564,http://www.linked-neuron-data.org/resource/hippocampus,Hippocampus,https://meshb.nlm.nih.gov/record/ui?ui=D006624,https://www.wikidata.org/wiki/Q48360,
102,Str_L_6_3(NAC),striatum - nucleus accumbens,-16.847,3.756,-9.195,C0028633,C0028633,http://www.linked-neuron-data.org/resource/ventral_striatum,Nucleus Accumbens,https://meshb.nlm.nih.gov/record/ui?ui=D009714,https://www.wikidata.org/wiki/Q1476178,Could be more specific
217,Str_R_6_3(NAC),striatum - nucleus accumbens,14.345,7.713,-8.704,C0028633,C0028633,http://www.linked-neuron-data.org/resource/ventral_striatum,Nucleus Accumbens,https://meshb.nlm.nih.gov/record/ui?ui=D009714,https://www.wikidata.org/wiki/Q1476178,Could be more specific
69,Tha_L_8_2(mPMtha),thalamus - medial premotor thalamus,-18.463,-13.284,3.528,C0039729,C0039729,probably missing,Thalamus,https://meshb.nlm.nih.gov/record/ui?ui=D013788,https://www.wikidata.org/wiki/Q66600566,MeSH not specific enough
189,Tha_R_8_2(mPMtha),thalamus - medial premotor thalamus,12.629,-13.733,1.024,C0039729,C0039729,probably missing,Thalamus,https://meshb.nlm.nih.gov/record/ui?ui=D013788,https://www.wikidata.org/wiki/Q66600565,MeSH not specific enough
174,Tha_L_8_6(Otha),thalamus - occipital thalamus,-15.017,-28.075,3.794,C0039729,C0039729,probably missing,Thalamus,https://meshb.nlm.nih.gov/record/ui?ui=D013788,https://www.wikidata.org/wiki/Q66600566,MeSH not specific enough
255,Tha_R_8_6(Otha),thalamus - occipital thalamus,13.074,-26.994,7.833,C0039729,C0039729,probably missing,Thalamus,https://meshb.nlm.nih.gov/record/ui?ui=D013788,https://www.wikidata.org/wiki/Q66600565,MeSH not specific enough
184,Tha_L_8_4(rTtha),thalamus - rostral temporal thalamus,-6.72,-13.603,6.651,C0039729,C0039729,probably missing,Thalamus,https://meshb.nlm.nih.gov/record/ui?ui=D013788,https://www.wikidata.org/wiki/Q66600566,MeSH not specific enough
207,Tha_R_8_4(rTtha),thalamus - rostral temporal thalamus,2.323,-12.514,5.218,C0039729,C0039729,probably missing,Thalamus,https://meshb.nlm.nih.gov/record/ui?ui=D013788,https://www.wikidata.org/wiki/Q66600565,MeSH not specific enough
114,Tha_L_8_3(Stha),thalamus - sensory thalamus,-17.594,-22.555,3.559,C0039729,C0039729,http://www.linked-neuron-data.org/resource/somatosensory_thalamus,Thalamus,https://meshb.nlm.nih.gov/record/ui?ui=D013788,https://www.wikidata.org/wiki/Q66600566,MeSH not specific enough
164,Tha_R_8_3(Stha),thalamus - sensory thalamus,17.625,-21.543,3.187,C0039729,C0039729,http://www.linked-neuron-data.org/resource/somatosensory_thalamus,Thalamus,https://meshb.nlm.nih.gov/record/ui?ui=D013788,https://www.wikidata.org/wiki/Q66600565,MeSH not specific enough
64,PCun_L_4_2(5m),precuneus,-8.181,-47.414,57.296,C0030560,C0152306,missing,Parietal Lobe,https://meshb.nlm.nih.gov/record/ui?ui=D010296,https://www.wikidata.org/wiki/Q66570177,LBD not found
67,PCun_R_4_2(5m),precuneus,7.532,-47.067,58.493,C0030560,C0152306,missing,Parietal Lobe,https://meshb.nlm.nih.gov/record/ui?ui=D010296,https://www.wikidata.org/wiki/Q66570176,LBD not found
166,Amyg_L_2_1(mAmyg),amygdala,-18.786,-2.365,-20.018,C0002708,C0175217,http://www.linked-neuron-data.org/resource/amygdala,Amygdala,https://meshb.nlm.nih.gov/#/record/ui?ui=D000679,https://www.wikidata.org/wiki/Q338924,
62,Amyg_R_2_1(mAmyg),amygdala,19.333,-2.597,-19.527,C0002708,C0175217,http://www.linked-neuron-data.org/resource/amygdala,Amygdala,https://meshb.nlm.nih.gov/#/record/ui?ui=D000679,https://www.wikidata.org/wiki/Q338924,
222,Amyg_L_2_2(lAmyg),amygdala,-27.035,-4.062,-19.792,C0002708,C0175221,http://www.linked-neuron-data.org/resource/amygdala,Amygdala,https://meshb.nlm.nih.gov/#/record/ui?ui=D000679,https://www.wikidata.org/wiki/Q338924,
257,Amyg_R_2_2(lAmyg),amygdala,27.512,-3.262,-19.688,C0002708,C0175221,http://www.linked-neuron-data.org/resource/amygdala,Amygdala,https://meshb.nlm.nih.gov/#/record/ui?ui=D000679,https://www.wikidata.org/wiki/Q338924,
188,Cb_Left_I-IV,Cerebellar lobule,-6.946,-44.271,-16.95,C0228174,C0228174,http://www.linked-neuron-data.org/resource/anterior_lobe_of_the_cerebellum,Cerebrum,https://meshb.nlm.nih.gov/record/ui?ui=D054022,https://www.wikidata.org/wiki/Q66590415,MeSH not specific enough
112,Cb_Left_IX,Cerebellar lobule,-6.815,-53.533,-48.251,C0228174,C0228174,missing,Cerebrum,https://meshb.nlm.nih.gov/record/ui?ui=D054022,https://www.wikidata.org/wiki/Q66590415,
233,Cb_Left_V,Cerebellar lobule,-13.199,-49.532,-18.615,C0228174,C0228174,http://www.linked-neuron-data.org/resource/anterior_lobe_of_the_cerebellum,Cerebrum,https://meshb.nlm.nih.gov/record/ui?ui=D054022,https://www.wikidata.org/wiki/Q66590415,
77,Cb_Left_VI,Cerebellar lobule,-22.532,-58.202,-24.576,C0228174,C0228174,missing,Cerebrum,https://meshb.nlm.nih.gov/record/ui?ui=D054022,https://www.wikidata.org/wiki/Q66590415,
145,Cb_Right_I-IV,Cerebellar lobule,9.659,-43.189,-18.125,C0228174,C0228174,http://www.linked-neuron-data.org/resource/anterior_lobe_of_the_cerebellum,Cerebrum,https://meshb.nlm.nih.gov/record/ui?ui=D054022,https://www.wikidata.org/wiki/Q66590415,MeSH not specific enough
202,Cb_Right_IX,Cerebellar lobule,6.949,-53.512,-48.574,C0228174,C0228174,missing,Cerebrum,https://meshb.nlm.nih.gov/record/ui?ui=D054022,https://www.wikidata.org/wiki/Q66590415,
124,Cb_Right_V,Cerebellar lobule,13.548,-51.088,-18.187,C0228174,C0228174,http://www.linked-neuron-data.org/resource/anterior_lobe_of_the_cerebellum,Cerebrum,https://meshb.nlm.nih.gov/record/ui?ui=D054022,https://www.wikidata.org/wiki/Q66590415,
224,Cb_Right_VI,Cerebellar lobule,23.541,-56.136,-24.818,C0228174,C0228174,missing,Cerebrum,https://meshb.nlm.nih.gov/record/ui?ui=D054022,https://www.wikidata.org/wiki/Q66590415,
48,Tha_L_8_8(lPFtha),thalamus - lateral prefrontal thalamus,-11.357,-14.324,2.359,C0039729,C0228341,probably missing,Thalamus,https://meshb.nlm.nih.gov/record/ui?ui=D013788,https://www.wikidata.org/wiki/Q66600566,MeSH not specific enough
105,Tha_R_8_8(lPFtha),thalamus - lateral prefrontal thalamus,12.609,-16.355,6.461,C0039729,C0228341,probably missing,Thalamus,https://meshb.nlm.nih.gov/record/ui?ui=D013788,https://www.wikidata.org/wiki/Q66600565,MeSH not specific enough
8,Tha_L_8_7(cTtha),thalamus - caudal temporal thalamus,-11.336,-21.34,12.892,C0039729,C0228374,probably missing,Thalamus,https://meshb.nlm.nih.gov/record/ui?ui=D013788,https://www.wikidata.org/wiki/Q66600566,MeSH not specific enough
7,Tha_R_8_7(cTtha),thalamus - caudal temporal thalamus,9.508,-13.828,13.838,C0039729,C0228374,probably missing,Thalamus,https://meshb.nlm.nih.gov/record/ui?ui=D013788,https://www.wikidata.org/wiki/Q66600565,MeSH not specific enough
38,Cb_Vermis_VIIb,Cerebellar lobule,-0.406,-68.436,-31.145,C0228174,C0228482,http://www.linked-neuron-data.org/resource/vermic_lobule_viib,Cerebrum,https://meshb.nlm.nih.gov/record/ui?ui=D054022,https://www.wikidata.org/wiki/Q3078809,
155,Cb_Vermis_VIIIa,Cerebellar lobule,0.362,-67.173,-37.631,C0228174,C0228482,http://www.linked-neuron-data.org/resource/vermic_lobule_viii,Cerebrum,https://meshb.nlm.nih.gov/record/ui?ui=D054022,https://www.wikidata.org/wiki/Q3078809,
106,Cb_Vermis_VIIIb,Cerebellar lobule,0.191,-63.684,-41.969,C0228174,C0228482,http://www.linked-neuron-data.org/resource/vermic_lobule_viii,Cerebrum,https://meshb.nlm.nih.gov/record/ui?ui=D054022,https://www.wikidata.org/wiki/Q3078809,
70,Cb_Left_VIIb,Cerebellar lobule,-26.442,-66.084,-50.791,C0228174,C0458396,missing,Cerebrum,https://meshb.nlm.nih.gov/record/ui?ui=D054022,https://www.wikidata.org/wiki/Q66590415,
50,Cb_Left_VIIIa,Cerebellar lobule,-23.97,-57.856,-52.72,C0228174,C0458396,missing,Cerebrum,https://meshb.nlm.nih.gov/record/ui?ui=D054022,https://www.wikidata.org/wiki/Q66590415,
94,Cb_Left_VIIIb,Cerebellar lobule,-16.759,-50.444,-54.806,C0228174,C0458396,missing,Cerebrum,https://meshb.nlm.nih.gov/record/ui?ui=D054022,https://www.wikidata.org/wiki/Q66590415,
41,Cb_Left_X,Cerebellar lobule,-20.641,-36.934,-45.444,C0228174,C0458396,missing,Cerebrum,https://meshb.nlm.nih.gov/record/ui?ui=D054022,https://www.wikidata.org/wiki/Q66590415,
18,Cb_Right_VIIb,Cerebellar lobule,28.368,-65.698,-50.466,C0228174,C0458396,missing,Cerebrum,https://meshb.nlm.nih.gov/record/ui?ui=D054022,https://www.wikidata.org/wiki/Q66590415,
109,Cb_Right_VIIIa,Cerebellar lobule,25.765,-58.089,-52.895,C0228174,C0458396,missing,Cerebrum,https://meshb.nlm.nih.gov/record/ui?ui=D054022,https://www.wikidata.org/wiki/Q66590415,
81,Cb_Right_VIIIb,Cerebellar lobule,17.985,-50.98,-54.948,C0228174,C0458396,missing,Cerebrum,https://meshb.nlm.nih.gov/record/ui?ui=D054022,https://www.wikidata.org/wiki/Q66590415,
52,Cb_Right_X,Cerebellar lobule,21.954,-37.13,-45.652,C0228174,C0458396,missing,Cerebrum,https://meshb.nlm.nih.gov/record/ui?ui=D054022,https://www.wikidata.org/wiki/Q66590415,
68,Tha_L_8_1(mPFtha),thalamus - medial prefrontal thalamus,-6.565,-12.081,5.255,C0039729,C0920328,probably missing,Thalamus,https://meshb.nlm.nih.gov/record/ui?ui=D013788,https://www.wikidata.org/wiki/Q66600566,MeSH not specific enough
256,Tha_R_8_1(mPFtha),thalamus - medial prefrontal thalamus,7.029,-11.165,5.608,C0039729,C0920328,probably missing,Thalamus,https://meshb.nlm.nih.gov/record/ui?ui=D013788,https://www.wikidata.org/wiki/Q66600565,MeSH not specific enough
111,Cb_Vermis_IX,Cerebellar lobule,-0.311,-55.56,-37.141,C0228174,C1281000,missing,Cerebrum,https://meshb.nlm.nih.gov/record/ui?ui=D054022,https://www.wikidata.org/wiki/Q3078809,MeSH not specific enough
146,Cb_Vermis_VI,Cerebellar lobule,0.561,-70.285,-21.105,C0228174,C1281000,missing,Cerebrum,https://meshb.nlm.nih.gov/record/ui?ui=D054022,https://www.wikidata.org/wiki/Q3078809,
47,Cb_Vermis_X,Cerebellar lobule,0.781,-47.851,-35.317,C0228174,C1281000,http://www.linked-neuron-data.org/resource/vermic_lobule_x,Cerebrum,https://meshb.nlm.nih.gov/record/ui?ui=D054022,https://www.wikidata.org/wiki/Q3078809,
101,Cun_R_5_1(cLinG),cuneus,10.487,-85.53,-8.659,C0028785,C2322588,http://www.linked-neuron-data.org/resource/occipital_lobe,Occipital Lobe,https://meshb.nlm.nih.gov/record/ui?ui=D009778,https://www.wikidata.org/wiki/Q848340,Could be more specific
3,Cun_R_5_2(rCunG),cuneus,7.166,-75.574,11.156,C0028785,C2322588,http://www.linked-neuron-data.org/resource/occipital_lobe,Occipital Lobe,https://meshb.nlm.nih.gov/record/ui?ui=D009778,https://www.wikidata.org/wiki/Q848340,Could be more specific
120,Cun_R_5_3(cCunG),cuneus,8.62,-89.534,12.344,C0028785,C2322588,http://www.linked-neuron-data.org/resource/occipital_lobe,Occipital Lobe,https://meshb.nlm.nih.gov/record/ui?ui=D009778,https://www.wikidata.org/wiki/Q848340,Could be more specific
159,Cun_R_5_4(rLinG),cuneus,18.241,-59.812,-6.817,C0028785,C2322588,http://www.linked-neuron-data.org/resource/occipital_lobe,Occipital Lobe,https://meshb.nlm.nih.gov/record/ui?ui=D009778,https://www.wikidata.org/wiki/Q848340,Could be more specific
15,Cun_R_5_5(vmPOS),cuneus,14.643,-63.274,12.071,C0028785,C2322588,http://www.linked-neuron-data.org/resource/occipital_lobe,Occipital Lobe,https://meshb.nlm.nih.gov/record/ui?ui=D009778,https://www.wikidata.org/wiki/Q848340,Could be more specific
258,Tha_L_8_5(PPtha),thalamus - posterior parietal thalamus,-16.449,-24.212,6.165,C0039729,C2323209,probably missing,Thalamus,https://meshb.nlm.nih.gov/record/ui?ui=D013788,https://www.wikidata.org/wiki/Q66600566,MeSH not specific enough
97,Cun_L_5_1(cLinG),cuneus,-10.564,-82.317,-10.71,C0028785,C2323777,http://www.linked-neuron-data.org/resource/occipital_lobe,Occipital Lobe,https://meshb.nlm.nih.gov/record/ui?ui=D009778,https://www.wikidata.org/wiki/Q848340,Could be more specific
237,Cun_L_5_2(rCunG),cuneus,-4.754,-80.728,10.284,C0028785,C2323777,http://www.linked-neuron-data.org/resource/occipital_lobe,Occipital Lobe,https://meshb.nlm.nih.gov/record/ui?ui=D009778,https://www.wikidata.org/wiki/Q848340,Could be more specific
79,Cun_L_5_3(cCunG),cuneus,-5.562,-94.125,1.108,C0028785,C2323777,http://www.linked-neuron-data.org/resource/occipital_lobe,Occipital Lobe,https://meshb.nlm.nih.gov/record/ui?ui=D009778,https://www.wikidata.org/wiki/Q848340,Could be more specific
149,Cun_L_5_4(rLinG),cuneus,-16.45,-60.499,-6.358,C0028785,C2323777,http://www.linked-neuron-data.org/resource/occipital_lobe,Occipital Lobe,https://meshb.nlm.nih.gov/record/ui?ui=D009778,https://www.wikidata.org/wiki/Q848340,Could be more specific
236,Cun_L_5_5(vmPOS),cuneus,-12.902,-68.343,12.121,C0028785,C2323777,http://www.linked-neuron-data.org/resource/occipital_lobe,Occipital Lobe,https://meshb.nlm.nih.gov/record/ui?ui=D009778,https://www.wikidata.org/wiki/Q848340,Could be more specific
103,INS_L_6_1(G),insula,-36.338,-20.18,9.467,C0007776,C2324050,http://www.linked-neuron-data.org/resource/island_of_reil,Cerebral Cortex,https://meshb.nlm.nih.gov/record/ui?ui=D002540,https://www.wikidata.org/wiki/Q1422654,MeSH not specific enough
190,INS_L_6_2(vIa),insula,-32.087,14.118,-13.038,C0007776,C2324050,http://www.linked-neuron-data.org/resource/island_of_reil,Cerebral Cortex,https://meshb.nlm.nih.gov/record/ui?ui=D002540,https://www.wikidata.org/wiki/Q1422654,MeSH not specific enough
153,INS_L_6_3(dIa),insula,-34.324,17.72,1.202,C0007776,C2324050,http://www.linked-neuron-data.org/resource/island_of_reil,Cerebral Cortex,https://meshb.nlm.nih.gov/record/ui?ui=D002540,https://www.wikidata.org/wiki/Q1422654,MeSH not specific enough
6,INS_L_6_4(vId/vIg),insula,-38.472,-4.065,-9.283,C0007776,C2324050,http://www.linked-neuron-data.org/resource/island_of_reil,Cerebral Cortex,https://meshb.nlm.nih.gov/record/ui?ui=D002540,https://www.wikidata.org/wiki/Q1422654,MeSH not specific enough
193,INS_L_6_5(dIg),insula,-38.506,-8.05,8.343,C0007776,C2324050,http://www.linked-neuron-data.org/resource/island_of_reil,Cerebral Cortex,https://meshb.nlm.nih.gov/record/ui?ui=D002540,https://www.wikidata.org/wiki/Q1422654,MeSH not specific enough
200,INS_L_6_6(dId),insula,-37.826,5.281,4.404,C0007776,C2324050,http://www.linked-neuron-data.org/resource/island_of_reil,Cerebral Cortex,https://meshb.nlm.nih.gov/record/ui?ui=D002540,https://www.wikidata.org/wiki/Q1422654,MeSH not specific enough
232,OrG_L_6_3(11l),orbital gyrus,-22.64,37.507,-17.563,C0152296,C2325624,http://www.linked-neuron-data.org/resource/lateral_orbital_gyrus,Prefrontal Cortex,https://meshb.nlm.nih.gov/record/ui?ui=D017397,https://www.wikidata.org/wiki/Q5494792,LBD: only lateral orbital gyrus
127,OrG_L_6_6(12/47l),orbital gyrus,-40.873,32.085,-9.379,C0152296,C2325624,http://www.linked-neuron-data.org/resource/lateral_orbital_gyrus,Prefrontal Cortex,https://meshb.nlm.nih.gov/record/ui?ui=D017397,https://www.wikidata.org/wiki/Q5494792,LBD: only lateral orbital gyrus
170,OcG_L_4_2(V5/MT),occipital gyrus,-45.652,-73.662,2.984,C0028785,C2326024,http://www.linked-neuron-data.org/resource/occipital_gyrus,Occipital Lobe,https://meshb.nlm.nih.gov/record/ui?ui=D009778,https://www.wikidata.org/wiki/Q60768390,MeSH not specific enough
186,MTG_L_4_4(aSTS),middle temporal gyrus,-58.449,-19.599,-9.482,C0039485,C2326406,http://www.linked-neuron-data.org/resource/middle_temporal_gyrus,Temporal Lobe,https://meshb.nlm.nih.gov/record/ui?ui=D013702,https://www.wikidata.org/wiki/Q66570189,MeSH not specific enough
148,OrG_L_6_1(14m),orbital gyrus,-6.589,53.362,-6.905,C0152296,C2327318,http://www.linked-neuron-data.org/resource/lateral_orbital_gyrus,Prefrontal Cortex,https://meshb.nlm.nih.gov/record/ui?ui=D017397,https://www.wikidata.org/wiki/Q5494792,LBD: only lateral orbital gyrus
227,OrG_L_6_4(11m),orbital gyrus,-6.387,51.954,-19.442,C0152296,C2327318,http://www.linked-neuron-data.org/resource/lateral_orbital_gyrus,Prefrontal Cortex,https://meshb.nlm.nih.gov/record/ui?ui=D017397,https://www.wikidata.org/wiki/Q5494792,LBD: only lateral orbital gyrus
185,MFG_L_7_2(IFJ),middle frontal gyrus,-41.574,13.255,36.264,C0152296,C2327613,http://www.linked-neuron-data.org/resource/medial_frontal_gyrus,Prefrontal Cortex,https://meshb.nlm.nih.gov/record/ui?ui=D017397,https://www.wikidata.org/wiki/Q66570161,MeSH not specific enough
234,Cb_Left_Crus_I,Cerebellar Crus,-36.858,-67.75,-31.357,C3495416,C2328475,http://www.linked-neuron-data.org/resource/cerebral_crus,Cerebral Crus,https://meshb.nlm.nih.gov/record/ui?ui=D065843,https://www.wikidata.org/wiki/Q66599003,
53,Cb_Left_Crus_II,Cerebellar Crus,-26.211,-74.603,-41.43,C3495416,C2328475,http://www.linked-neuron-data.org/resource/cerebral_crus,Cerebral Crus,https://meshb.nlm.nih.gov/record/ui?ui=D065843,https://www.wikidata.org/wiki/Q66599003,
228,Tha_R_8_5(PPtha),thalamus - posterior parietal thalamus,15.378,-25.165,6.126,C0039729,C2329132,probably missing,Thalamus,https://meshb.nlm.nih.gov/record/ui?ui=D013788,https://www.wikidata.org/wiki/Q66600565,MeSH not specific enough
266,PoG_L_4_4(1/2/3t),postcentral gyrus,-21.415,-34.656,68.325,C0037658,C2329204,http://www.linked-neuron-data.org/resource/postcentral_gyrus,Somatosensory Cortex,https://meshb.nlm.nih.gov/record/ui?ui=D013003,https://www.wikidata.org/wiki/Q66570169,
157,OcG_R_4_1(mOccG),occipital gyrus,34.379,-85.893,10.82,C0028785,C2329924,http://www.linked-neuron-data.org/resource/occipital_gyrus,Occipital Lobe,https://meshb.nlm.nih.gov/record/ui?ui=D009778,https://www.wikidata.org/wiki/Q60768390,MeSH not specific enough
72,sOcG_R_2_1(msOccG),superior occipital gyrus,16.271,-85.072,34.421,C0028785,C2329924,http://www.linked-neuron-data.org/resource/superior_occipital_gyrus,Occipital Lobe,https://meshb.nlm.nih.gov/record/ui?ui=D009778,https://www.wikidata.org/wiki/Q66570178,MeSH not specific enough
59,sOcG_R_2_2(lsOccG),superior occipital gyrus,28.606,-74.391,36.13,C0028785,C2329924,http://www.linked-neuron-data.org/resource/superior_occipital_gyrus,Occipital Lobe,https://meshb.nlm.nih.gov/record/ui?ui=D009778,https://www.wikidata.org/wiki/Q66570178,MeSH not specific enough
178,STG_R_6_3(TE1.0/TE1.2),superior temporal gyrus,50.712,-3.784,-1.05,C0039485,C2330566,http://www.linked-neuron-data.org/resource/gyrus_temporalis_superior,Temporal Lobe,https://meshb.nlm.nih.gov/record/ui?ui=D013702,https://www.wikidata.org/wiki/Q66570186,
165,INS_R_6_1(G),insula,37.355,-17.885,8.117,C0007776,C2331118,http://www.linked-neuron-data.org/resource/island_of_reil,Cerebral Cortex,https://meshb.nlm.nih.gov/record/ui?ui=D002540,https://www.wikidata.org/wiki/Q1422654,MeSH not specific enough
55,INS_R_6_2(vIa),insula,33.108,14.279,-12.951,C0007776,C2331118,http://www.linked-neuron-data.org/resource/island_of_reil,Cerebral Cortex,https://meshb.nlm.nih.gov/record/ui?ui=D002540,https://www.wikidata.org/wiki/Q1422654,MeSH not specific enough
215,INS_R_6_3(dIa),insula,36.509,18.504,0.53,C0007776,C2331118,http://www.linked-neuron-data.org/resource/island_of_reil,Cerebral Cortex,https://meshb.nlm.nih.gov/record/ui?ui=D002540,https://www.wikidata.org/wiki/Q1422654,MeSH not specific enough
89,INS_R_6_4(vId/vIg),insula,39.153,-2.428,-8.894,C0007776,C2331118,http://www.linked-neuron-data.org/resource/island_of_reil,Cerebral Cortex,https://meshb.nlm.nih.gov/record/ui?ui=D002540,https://www.wikidata.org/wiki/Q1422654,MeSH not specific enough
137,INS_R_6_5(dIg),insula,39.114,-6.945,7.671,C0007776,C2331118,http://www.linked-neuron-data.org/resource/island_of_reil,Cerebral Cortex,https://meshb.nlm.nih.gov/record/ui?ui=D002540,https://www.wikidata.org/wiki/Q1422654,MeSH not specific enough
161,INS_R_6_6(dId),insula,38.255,5.456,4.721,C0007776,C2331118,http://www.linked-neuron-data.org/resource/island_of_reil,Cerebral Cortex,https://meshb.nlm.nih.gov/record/ui?ui=D002540,https://www.wikidata.org/wiki/Q1422654,MeSH not specific enough
107,OrG_R_6_3(11l),orbital gyrus,23.565,36.344,-18.07,C0152296,C2331833,http://www.linked-neuron-data.org/resource/lateral_orbital_gyrus,Prefrontal Cortex,https://meshb.nlm.nih.gov/record/ui?ui=D017397,https://www.wikidata.org/wiki/Q5494792,LBD: only lateral orbital gyrus
231,OrG_R_6_6(12/47l),orbital gyrus,42.298,31.33,-8.966,C0152296,C2331833,http://www.linked-neuron-data.org/resource/lateral_orbital_gyrus,Prefrontal Cortex,https://meshb.nlm.nih.gov/record/ui?ui=D017397,https://www.wikidata.org/wiki/Q5494792,LBD: only lateral orbital gyrus
150,OrG_R_6_1(14m),orbital gyrus,6.371,47.452,-6.941,C0152296,C2332861,http://www.linked-neuron-data.org/resource/lateral_orbital_gyrus,Prefrontal Cortex,https://meshb.nlm.nih.gov/record/ui?ui=D017397,https://www.wikidata.org/wiki/Q5494792,LBD: only lateral orbital gyrus
104,OrG_R_6_4(11m),orbital gyrus,6.462,56.715,-16.409,C0152296,C2332861,http://www.linked-neuron-data.org/resource/lateral_orbital_gyrus,Prefrontal Cortex,https://meshb.nlm.nih.gov/record/ui?ui=D017397,https://www.wikidata.org/wiki/Q5494792,LBD: only lateral orbital gyrus
171,OcG_R_4_2(V5/MT),occipital gyrus,47.781,-70.114,-0.63,C0028785,C2334048,http://www.linked-neuron-data.org/resource/occipital_gyrus,Occipital Lobe,https://meshb.nlm.nih.gov/record/ui?ui=D009778,https://www.wikidata.org/wiki/Q60768390,MeSH not specific enough
226,OcG_L_4_1(mOccG),occipital gyrus,-30.65,-89.075,10.914,C0028785,C2335193,http://www.linked-neuron-data.org/resource/occipital_gyrus,Occipital Lobe,https://meshb.nlm.nih.gov/record/ui?ui=D009778,https://www.wikidata.org/wiki/Q60768390,MeSH not specific enough
248,sOcG_L_2_1(msOccG),superior occipital gyrus,-10.649,-87.983,30.446,C0028785,C2335193,http://www.linked-neuron-data.org/resource/superior_occipital_gyrus,Occipital Lobe,https://meshb.nlm.nih.gov/record/ui?ui=D009778,https://www.wikidata.org/wiki/Q66570179,MeSH not specific enough
143,sOcG_L_2_2(lsOccG),superior occipital gyrus,-22.141,-77.3,35.958,C0028785,C2335193,http://www.linked-neuron-data.org/resource/superior_occipital_gyrus,Occipital Lobe,https://meshb.nlm.nih.gov/record/ui?ui=D009778,https://www.wikidata.org/wiki/Q66570179,MeSH not specific enough
167,PhG_R_6_3(TL),parahippocampal gyrus,29.712,-29.853,-17.947,C0175194,C2335378,http://www.linked-neuron-data.org/resource/parahippocampal_gyrus,Parahippocampal Gyrus,https://meshb.nlm.nih.gov/record/ui?ui=D020534,https://www.wikidata.org/wiki/Q66570208,
92,PhG_R_6_5(TI),parahippocampal gyrus,21.657,1.139,-35.924,C0175194,C2335378,http://www.linked-neuron-data.org/resource/parahippocampal_gyrus,Parahippocampal Gyrus,https://meshb.nlm.nih.gov/record/ui?ui=D020534,https://www.wikidata.org/wiki/Q66570208,
123,PhG_R_6_6(TH),parahippocampal gyrus,19.011,-36.249,-11.402,C0175194,C2335378,http://www.linked-neuron-data.org/resource/parahippocampal_gyrus,Parahippocampal Gyrus,https://meshb.nlm.nih.gov/record/ui?ui=D020534,https://www.wikidata.org/wiki/Q66570208,
74,PoG_R_4_4(1/2/3t),postcentral gyrus,20.185,-32.642,69.44,C0037658,C2335404,http://www.linked-neuron-data.org/resource/postcentral_gyrus,Somatosensory Cortex,https://meshb.nlm.nih.gov/record/ui?ui=D013003,https://www.wikidata.org/wiki/Q66570168,
63,Cb_Right_Crus_I,Cerebellar Crus,36.676,-66.938,-30.829,C3495416,C2338089,http://www.linked-neuron-data.org/resource/cerebral_crus,Cerebral Crus,https://meshb.nlm.nih.gov/record/ui?ui=D065843,https://www.wikidata.org/wiki/Q66599002,
26,Cb_Right_Crus_II,Cerebellar Crus,26.296,-75.763,-40.958,C3495416,C2338089,http://www.linked-neuron-data.org/resource/cerebral_crus,Cerebral Crus,https://meshb.nlm.nih.gov/record/ui?ui=D065843,https://www.wikidata.org/wiki/Q66599002,
270,MFG_R_7_2(IFJ),middle frontal gyrus,41.883,11.415,38.577,C0152296,C2338392,http://www.linked-neuron-data.org/resource/medial_frontal_gyrus,Prefrontal Cortex,https://meshb.nlm.nih.gov/record/ui?ui=D017397,https://www.wikidata.org/wiki/Q66570160,MeSH not specific enough
117,STG_L_6_3(TE1.0/TE1.2),superior temporal gyrus,-49.877,-10.774,1.444,C0039485,C2339013,http://www.linked-neuron-data.org/resource/gyrus_temporalis_superior,Temporal Lobe,https://meshb.nlm.nih.gov/record/ui?ui=D013702,https://www.wikidata.org/wiki/Q66570187,
242,MTG_R_4_4(aSTS),middle temporal gyrus,58.306,-15.933,-9.855,C0039485,C2339358,http://www.linked-neuron-data.org/resource/middle_temporal_gyrus,Temporal Lobe,https://meshb.nlm.nih.gov/record/ui?ui=D013702,https://www.wikidata.org/wiki/Q66570188,MeSH not specific enough
13,PhG_L_6_3(TL),parahippocampal gyrus,-28.353,-31.238,-18.164,C0175194,C2340470,http://www.linked-neuron-data.org/resource/parahippocampal_gyrus,Parahippocampal Gyrus,https://meshb.nlm.nih.gov/record/ui?ui=D020534,https://www.wikidata.org/wiki/Q66570209,
247,PhG_L_6_5(TI),parahippocampal gyrus,-23.021,2.054,-31.864,C0175194,C2340470,http://www.linked-neuron-data.org/resource/parahippocampal_gyrus,Parahippocampal Gyrus,https://meshb.nlm.nih.gov/record/ui?ui=D020534,https://www.wikidata.org/wiki/Q66570209,
22,PhG_L_6_6(TH),parahippocampal gyrus,-16.954,-39.298,-10.109,C0175194,C2340470,http://www.linked-neuron-data.org/resource/parahippocampal_gyrus,Parahippocampal Gyrus,https://meshb.nlm.nih.gov/record/ui?ui=D020534,https://www.wikidata.org/wiki/Q66570209,
264,ITG_L_7_1(20iv),inferior temporal gyrus,-45.228,-25.73,-27.225,C0039485,C2949795,http://www.linked-neuron-data.org/resource/gyrus_temporalis_inferior,Temporal Lobe,https://meshb.nlm.nih.gov/record/ui?ui=D013702,https://www.wikidata.org/wiki/Q66570191,MeSH not specific enough
129,ITG_L_7_3(20r),inferior temporal gyrus,-43.403,-2.354,-41.508,C0039485,C2949795,http://www.linked-neuron-data.org/resource/gyrus_temporalis_inferior,Temporal Lobe,https://meshb.nlm.nih.gov/record/ui?ui=D013702,https://www.wikidata.org/wiki/Q66570191,MeSH not specific enough
219,ITG_L_7_4(20il),inferior temporal gyrus,-55.532,-15.196,-27.772,C0039485,C2949795,http://www.linked-neuron-data.org/resource/gyrus_temporalis_inferior,Temporal Lobe,https://meshb.nlm.nih.gov/record/ui?ui=D013702,https://www.wikidata.org/wiki/Q66570191,MeSH not specific enough
121,ITG_L_7_6(20cl),inferior temporal gyrus,-59.279,-41.819,-15.79,C0039485,C2949795,http://www.linked-neuron-data.org/resource/gyrus_temporalis_inferior,Temporal Lobe,https://meshb.nlm.nih.gov/record/ui?ui=D013702,https://www.wikidata.org/wiki/Q66570191,MeSH not specific enough
194,ITG_L_7_7(20cv),inferior temporal gyrus,-54.78,-30.977,-26.937,C0039485,C2949795,http://www.linked-neuron-data.org/resource/gyrus_temporalis_inferior,Temporal Lobe,https://meshb.nlm.nih.gov/record/ui?ui=D013702,https://www.wikidata.org/wiki/Q66570191,MeSH not specific enough
4,IPL_L_6_3(40rd),inferior parietal lobule,-51.187,-33.431,41.57,C0030560,C2949829,http://www.linked-neuron-data.org/resource/parietal_lobe,Parietal Lobe,https://meshb.nlm.nih.gov/record/ui?ui=D010296,https://www.wikidata.org/wiki/Q6412501,MeSH (+ LBD?) not specific enough
272,IPL_L_6_4(40c),inferior parietal lobule,-55.633,-49.451,37.621,C0030560,C2949829,http://www.linked-neuron-data.org/resource/parietal_lobe,Parietal Lobe,https://meshb.nlm.nih.gov/record/ui?ui=D010296,https://www.wikidata.org/wiki/Q6412501,MeSH (+ LBD?) not specific enough
46,IPL_L_6_6(40rv),inferior parietal lobule,-53.582,-31.197,22.73,C0030560,C2949829,http://www.linked-neuron-data.org/resource/parietal_lobe,Parietal Lobe,https://meshb.nlm.nih.gov/record/ui?ui=D010296,https://www.wikidata.org/wiki/Q6412501,MeSH (+ LBD?) not specific enough
99,IFG_R_6_1(44d),inferior frontal gyrus,45.131,16.291,25.204,C0152296,C2949840,http://www.linked-neuron-data.org/resource/prefrontal_cortex,Prefrontal Cortex,https://meshb.nlm.nih.gov/record/ui?ui=D017397,https://www.wikidata.org/wiki/Q1558534,MeSH (+ LBD?) not specific enough
196,IFG_R_6_5(44op),inferior frontal gyrus,41.98,21.878,3.455,C0152296,C2949840,http://www.linked-neuron-data.org/resource/prefrontal_cortex,Prefrontal Cortex,https://meshb.nlm.nih.gov/record/ui?ui=D017397,https://www.wikidata.org/wiki/Q1558534,MeSH (+ LBD?) not specific enough
126,IFG_R_6_6(44v),inferior frontal gyrus,53.714,13.985,11.028,C0152296,C2949840,http://www.linked-neuron-data.org/resource/prefrontal_cortex,Prefrontal Cortex,https://meshb.nlm.nih.gov/record/ui?ui=D017397,https://www.wikidata.org/wiki/Q1558534,MeSH (+ LBD?) not specific enough
144,STG_L_6_2(41/42),superior temporal gyrus,-53.759,-31.796,12.288,C0039485,C2949842,http://www.linked-neuron-data.org/resource/gyrus_temporalis_superior,Temporal Lobe,https://meshb.nlm.nih.gov/record/ui?ui=D013702,https://www.wikidata.org/wiki/Q66570187,
273,SPL_L_5_3(5l),superior parietal lobule,-33.396,-46.795,49.702,C0030560,C2949848,http://www.linked-neuron-data.org/resource/superior_parietal_lobule,Parietal Lobe,https://meshb.nlm.nih.gov/record/ui?ui=D010296,http://www.linked-neuron-data.org/resource/superior_parietal_lobule,
253,PCL_L_2_2(4ll),paracentral lobule,-4.163,-22.809,60.335,,C2949875,missing,missing,missing,https://www.wikidata.org/wiki/Q66588106,MeSH not found
241,IPL_R_6_3(40rd),inferior parietal lobule,47.263,-34.978,45.096,C0030560,C2949941,http://www.linked-neuron-data.org/resource/parietal_lobe,Parietal Lobe,https://meshb.nlm.nih.gov/record/ui?ui=D010296,https://www.wikidata.org/wiki/Q6412501,MeSH (+ LBD?) not specific enough
142,IPL_R_6_4(40c),inferior parietal lobule,57.319,-43.672,38.315,C0030560,C2949941,http://www.linked-neuron-data.org/resource/parietal_lobe,Parietal Lobe,https://meshb.nlm.nih.gov/record/ui?ui=D010296,https://www.wikidata.org/wiki/Q6412501,MeSH (+ LBD?) not specific enough
172,IPL_R_6_6(40rv),inferior parietal lobule,55.108,-26.2,25.648,C0030560,C2949941,http://www.linked-neuron-data.org/resource/parietal_lobe,Parietal Lobe,https://meshb.nlm.nih.gov/record/ui?ui=D010296,https://www.wikidata.org/wiki/Q6412501,MeSH (+ LBD?) not specific enough
108,SPL_L_5_1(7r),superior parietal lobule,-16.352,-59.987,62.797,C0030560,C2949950,http://www.linked-neuron-data.org/resource/superior_parietal_lobule,Parietal Lobe,https://meshb.nlm.nih.gov/record/ui?ui=D010296,http://www.linked-neuron-data.org/resource/superior_parietal_lobule,Superior Parietal Lobule is part of the Parietal Lobe but is not specified in MeSH
128,SPL_L_5_2(7c),superior parietal lobule,-15.554,-70.739,51.552,C0030560,C2949950,http://www.linked-neuron-data.org/resource/superior_parietal_lobule,Parietal Lobe,https://meshb.nlm.nih.gov/record/ui?ui=D010296,http://www.linked-neuron-data.org/resource/superior_parietal_lobule,
135,SPL_L_5_4(7pc),superior parietal lobule,-22.584,-47.38,64.866,C0030560,C2949950,http://www.linked-neuron-data.org/resource/superior_parietal_lobule,Parietal Lobe,https://meshb.nlm.nih.gov/record/ui?ui=D010296,http://www.linked-neuron-data.org/resource/superior_parietal_lobule,
235,SPL_L_5_5(7ip),superior parietal lobule,-27.443,-58.728,53.646,C0030560,C2949950,http://www.linked-neuron-data.org/resource/superior_parietal_lobule,Parietal Lobe,https://meshb.nlm.nih.gov/record/ui?ui=D010296,http://www.linked-neuron-data.org/resource/superior_parietal_lobule,
116,PoG_R_4_3(2),postcentral gyrus,48.125,-24.005,47.845,C0037658,C2949970,http://www.linked-neuron-data.org/resource/postcentral_gyrus,Somatosensory Cortex,https://meshb.nlm.nih.gov/record/ui?ui=D013003,https://www.wikidata.org/wiki/Q66570168,
21,CG_R_7_3(32p),cingulate gyrus,5.044,27.456,27.485,C0018427,C2950097,http://www.linked-neuron-data.org/resource/anterior_cingulate_gyrus,Gyrus Cinguli,https://meshb.nlm.nih.gov/record/ui?ui=D006179,https://www.wikidata.org/wiki/Q66570220,
140,CG_R_7_7(32sg),cingulate gyrus,5.436,40.821,6.669,C0018427,C2950097,http://www.linked-neuron-data.org/resource/anterior_cingulate_gyrus,Gyrus Cinguli,https://meshb.nlm.nih.gov/record/ui?ui=D006179,https://www.wikidata.org/wiki/Q66570220,
169,OrG_L_6_2(12/47o),orbital gyrus,-36.215,33.497,-15.932,C0152296,C2950100,http://www.linked-neuron-data.org/resource/lateral_orbital_gyrus,Prefrontal Cortex,https://meshb.nlm.nih.gov/record/ui?ui=D017397,https://www.wikidata.org/wiki/Q5494792,LBD: only lateral orbital gyrus
211,OcG_L_4_4(iOccG),occipital gyrus,-30.097,-87.974,-12.162,C0028785,C2950129,http://www.linked-neuron-data.org/resource/occipital_gyrus,Occipital Lobe,https://meshb.nlm.nih.gov/record/ui?ui=D009778,https://www.wikidata.org/wiki/Q60768390,MeSH not specific enough
158,OrG_R_6_5(13),orbital gyrus,9.153,20.328,-19.392,C0152296,C2950156,http://www.linked-neuron-data.org/resource/lateral_orbital_gyrus,Prefrontal Cortex,https://meshb.nlm.nih.gov/record/ui?ui=D017397,https://www.wikidata.org/wiki/Q5494792,LBD: only lateral orbital gyrus
45,SFG_R_7_1(8m),superior frontal gyrus,6.862,16.375,54.214,C0152296,C2950185,http://www.linked-neuron-data.org/resource/superior_frontal_gyrus,Prefrontal Cortex,https://meshb.nlm.nih.gov/record/ui?ui=D017397,https://www.wikidata.org/wiki/Q66570158,MeSH not specific enough
192,SFG_R_7_2(8dl),superior frontal gyrus,21.605,25.579,51.372,C0152296,C2950185,http://www.linked-neuron-data.org/resource/superior_frontal_gyrus,Prefrontal Cortex,https://meshb.nlm.nih.gov/record/ui?ui=D017397,https://www.wikidata.org/wiki/Q66570158,MeSH not specific enough
154,IPL_L_6_1(39c),inferior parietal lobule,-34.137,-80.513,28.702,C0030560,C2950239,http://www.linked-neuron-data.org/resource/angular_gyrus,Parietal Lobe,https://meshb.nlm.nih.gov/record/ui?ui=D010296,https://www.wikidata.org/wiki/Q6412501,MeSH (+ LBD?) not specific enough
96,IPL_L_6_2(39rd),inferior parietal lobule,-37.576,-61.363,46.499,C0030560,C2950239,http://www.linked-neuron-data.org/resource/angular_gyrus,Parietal Lobe,https://meshb.nlm.nih.gov/record/ui?ui=D010296,https://www.wikidata.org/wiki/Q6412501,MeSH (+ LBD?) not specific enough
267,IPL_L_6_5(39rv),inferior parietal lobule,-46.587,-64.966,25.962,C0030560,C2950239,http://www.linked-neuron-data.org/resource/angular_gyrus,Parietal Lobe,https://meshb.nlm.nih.gov/record/ui?ui=D010296,https://www.wikidata.org/wiki/Q6412501,MeSH (+ LBD?) not specific enough
30,PhG_L_6_1(35/36r),parahippocampal gyrus,-27.153,-7.122,-33.983,C0175194,C2950349,http://www.linked-neuron-data.org/resource/parahippocampal_gyrus,Parahippocampal Gyrus,https://meshb.nlm.nih.gov/record/ui?ui=D020534,https://www.wikidata.org/wiki/Q66570209,
75,FuG_R_3_1(20rv),fusiform gyrus,33.433,-14.594,-33.744,C0039485,C2950355,http://www.linked-neuron-data.org/resource/lateral_occipitotemporal_gyrus,Temporal Lobe,https://meshb.nlm.nih.gov/record/ui?ui=D013702,https://www.wikidata.org/wiki/Q66570192,MeSH not specific enough
29,SFG_L_7_1(8m),superior frontal gyrus,-4.799,15.571,53.838,C0152296,C2950385,http://www.linked-neuron-data.org/resource/superior_frontal_gyrus,Prefrontal Cortex,https://meshb.nlm.nih.gov/record/ui?ui=D017397,https://www.wikidata.org/wiki/Q66570159,MeSH not specific enough
152,SFG_L_7_2(8dl),superior frontal gyrus,-18.163,23.582,52.829,C0152296,C2950385,http://www.linked-neuron-data.org/resource/superior_frontal_gyrus,Prefrontal Cortex,https://meshb.nlm.nih.gov/record/ui?ui=D017397,https://www.wikidata.org/wiki/Q66570159,MeSH not specific enough
11,MTG_R_4_3(37dl),middle temporal gyrus,60.202,-53.264,2.74,C0039485,C2950391,http://www.linked-neuron-data.org/resource/middle_temporal_gyrus,Temporal Lobe,https://meshb.nlm.nih.gov/record/ui?ui=D013702,https://www.wikidata.org/wiki/Q66570188,MeSH not specific enough
183,MFG_L_7_6(6vl),middle frontal gyrus,-32.252,3.818,54.674,C0152296,C2950411,http://www.linked-neuron-data.org/resource/medial_frontal_gyrus,Prefrontal Cortex,https://meshb.nlm.nih.gov/record/ui?ui=D017397,https://www.wikidata.org/wiki/Q66570161,MeSH not specific enough"
71,IFG_R_6_2(IFS),inferior frontal gyrus,47.83,34.778,13.387,C0152296,C2950495,http://www.linked-neuron-data.org/resource/prefrontal_cortex,Prefrontal Cortex,https://meshb.nlm.nih.gov/record/ui?ui=D017397,https://www.wikidata.org/wiki/Q1558534,MeSH (+ LBD?) not specific enough
88,STG_R_6_1(38m),superior temporal gyrus,31.243,15.062,-33.624,C0039485,C2950550,http://www.linked-neuron-data.org/resource/gyrus_temporalis_superior,Temporal Lobe,https://meshb.nlm.nih.gov/record/ui?ui=D013702,https://www.wikidata.org/wiki/Q66570186,
25,STG_R_6_5(38l),superior temporal gyrus,47.022,12.371,-19.646,C0039485,C2950550,http://www.linked-neuron-data.org/resource/gyrus_temporalis_superior,Temporal Lobe,https://meshb.nlm.nih.gov/record/ui?ui=D013702,https://www.wikidata.org/wiki/Q66570186,
39,PoG_L_4_1(1/2/3ulhf),postcentral gyrus,-49.806,-16.429,42.991,C0037658,C2950707,http://www.linked-neuron-data.org/resource/postcentral_gyrus,Somatosensory Cortex,https://meshb.nlm.nih.gov/record/ui?ui=D013003,https://www.wikidata.org/wiki/Q66570169,
191,PhG_L_6_2(35/36c),parahippocampal gyrus,-25.202,-24.831,-26.321,C0175194,C2950774,http://www.linked-neuron-data.org/resource/parahippocampal_gyrus,Parahippocampal Gyrus,https://meshb.nlm.nih.gov/record/ui?ui=D020534,https://www.wikidata.org/wiki/Q66570209,
197,ITG_R_7_1(20iv),inferior temporal gyrus,45.756,-14.353,-32.756,C0039485,C2950783,http://www.linked-neuron-data.org/resource/gyrus_temporalis_inferior,Temporal Lobe,https://meshb.nlm.nih.gov/record/ui?ui=D013702,https://www.wikidata.org/wiki/Q66570190,MeSH not specific enough
203,ITG_R_7_3(20r),inferior temporal gyrus,40.315,0.42,-43.156,C0039485,C2950783,http://www.linked-neuron-data.org/resource/gyrus_temporalis_inferior,Temporal Lobe,https://meshb.nlm.nih.gov/record/ui?ui=D013702,https://www.wikidata.org/wiki/Q66570190,MeSH not specific enough
32,ITG_R_7_4(20il),inferior temporal gyrus,54.469,-10.795,-32.482,C0039485,C2950783,http://www.linked-neuron-data.org/resource/gyrus_temporalis_inferior,Temporal Lobe,https://meshb.nlm.nih.gov/record/ui?ui=D013702,https://www.wikidata.org/wiki/Q66570190,MeSH not specific enough
23,ITG_R_7_6(20cl),inferior temporal gyrus,60.513,-40.049,-17.08,C0039485,C2950783,http://www.linked-neuron-data.org/resource/gyrus_temporalis_inferior,Temporal Lobe,https://meshb.nlm.nih.gov/record/ui?ui=D013702,https://www.wikidata.org/wiki/Q66570190,MeSH not specific enough
76,ITG_R_7_7(20cv),inferior temporal gyrus,53.777,-31.424,-25.716,C0039485,C2950783,http://www.linked-neuron-data.org/resource/gyrus_temporalis_inferior,Temporal Lobe,https://meshb.nlm.nih.gov/record/ui?ui=D013702,https://www.wikidata.org/wiki/Q66570190,MeSH not specific enough
195,pSTS_L_2_1(rpSTS),posterior superior temporal sulcus,-54.153,-39.903,4.19,C0039485,C2950799,http://www.linked-neuron-data.org/resource/temporal_sulcus,Temporal Lobe,https://meshb.nlm.nih.gov/record/ui?ui=D013702,https://www.wikidata.org/wiki/Q732362,MeSH not specific enough
204,pSTS_L_2_2(cpSTS),posterior superior temporal sulcus,-52.479,-50.188,10.461,C0039485,C2950799,http://www.linked-neuron-data.org/resource/temporal_sulcus,Temporal Lobe,https://meshb.nlm.nih.gov/record/ui?ui=D013702,https://www.wikidata.org/wiki/Q732362,MeSH not specific enough
245,PrG_L_6_1(4hf),precentral gyrus,-48.929,-7.665,38.978,C0016733,C2950814,http://www.linked-neuron-data.org/resource/precentral_gyrus,Frontal Lobe,https://meshb.nlm.nih.gov/record/ui?ui=D005625,https://www.wikidata.org/wiki/Q66570167,
168,PrG_L_6_3(4ul),precentral gyrus,-26.447,-24.841,62.609,C0016733,C2950814,http://www.linked-neuron-data.org/resource/precentral_gyrus,Frontal Lobe,https://meshb.nlm.nih.gov/record/ui?ui=D005625,https://www.wikidata.org/wiki/Q66570167,
230,PrG_L_6_4(4t),precentral gyrus,-13.105,-20.658,73.321,C0016733,C2950814,http://www.linked-neuron-data.org/resource/precentral_gyrus,Frontal Lobe,https://meshb.nlm.nih.gov/record/ui?ui=D005625,https://www.wikidata.org/wiki/Q66570167,
65,PrG_L_6_5(4tl),precentral gyrus,-52.058,0.164,7.761,C0016733,C2950814,http://www.linked-neuron-data.org/resource/precentral_gyrus,Frontal Lobe,https://meshb.nlm.nih.gov/record/ui?ui=D005625,https://www.wikidata.org/wiki/Q66570167,
268,OrG_R_6_2(12/47o),orbital gyrus,40.342,38.722,-14.339,C0152296,C2950966,http://www.linked-neuron-data.org/resource/lateral_orbital_gyrus,Prefrontal Cortex,https://meshb.nlm.nih.gov/record/ui?ui=D017397,https://www.wikidata.org/wiki/Q5494792,LBD: only lateral orbital gyrus
177,PrG_L_6_2(6cdl),precentral gyrus,-31.815,-9.095,57.827,C0016733,C2950983,http://www.linked-neuron-data.org/resource/precentral_gyrus,Frontal Lobe,https://meshb.nlm.nih.gov/record/ui?ui=D005625,https://www.wikidata.org/wiki/Q66570167,
181,PrG_L_6_6(6cvl),precentral gyrus,-49.177,4.748,30.3,C0016733,C2950983,http://www.linked-neuron-data.org/resource/precentral_gyrus,Frontal Lobe,https://meshb.nlm.nih.gov/record/ui?ui=D005625,https://www.wikidata.org/wiki/Q66570167,
141,SPL_R_5_1(7r),superior parietal lobule,19.301,-56.856,64.869,C0030560,C2951062,http://www.linked-neuron-data.org/resource/superior_parietal_lobule,Parietal Lobe,https://meshb.nlm.nih.gov/record/ui?ui=D010296,https://www.wikidata.org/wiki/Q66570174,
160,SPL_R_5_2(7c),superior parietal lobule,18.564,-68.844,53.831,C0030560,C2951062,http://www.linked-neuron-data.org/resource/superior_parietal_lobule,Parietal Lobe,https://meshb.nlm.nih.gov/record/ui?ui=D010296,https://www.wikidata.org/wiki/Q66570174,
132,SPL_R_5_4(7pc),superior parietal lobule,23.215,-43.371,66.952,C0030560,C2951062,http://www.linked-neuron-data.org/resource/superior_parietal_lobule,Parietal Lobe,https://meshb.nlm.nih.gov/record/ui?ui=D010296,https://www.wikidata.org/wiki/Q66570174,
87,SPL_R_5_5(7ip),superior parietal lobule,30.877,-54.068,53.312,C0030560,C2951062,http://www.linked-neuron-data.org/resource/superior_parietal_lobule,Parietal Lobe,https://meshb.nlm.nih.gov/record/ui?ui=D010296,https://www.wikidata.org/wiki/Q66570174,
259,PhG_R_6_2(35/36c),parahippocampal gyrus,26.637,-23.025,-26.963,C0175194,C2951081,http://www.linked-neuron-data.org/resource/parahippocampal_gyrus,Parahippocampal Gyrus,https://meshb.nlm.nih.gov/record/ui?ui=D020534,https://www.wikidata.org/wiki/Q66570208,
60,IFG_L_6_3(45c),inferior frontal gyrus,-52.568,22.985,11.187,C0152296,C2951111,http://www.linked-neuron-data.org/resource/prefrontal_cortex,Prefrontal Cortex,https://meshb.nlm.nih.gov/record/ui?ui=D017397,https://www.wikidata.org/wiki/Q1558534,MeSH (+ LBD?) not specific enough"
180,IFG_L_6_4(45r),inferior frontal gyrus,-48.783,36.185,-2.62,C0152296,C2951111,http://www.linked-neuron-data.org/resource/prefrontal_cortex,Prefrontal Cortex,https://meshb.nlm.nih.gov/record/ui?ui=D017397,https://www.wikidata.org/wiki/Q1558534,MeSH (+ LBD?) not specific enough"
240,PCun_L_4_4(31),precuneus,-6.242,-54.688,33.715,C0030560,C2951169,missing,Parietal Lobe,https://meshb.nlm.nih.gov/record/ui?ui=D010296,https://www.wikidata.org/wiki/Q66570177,LBD not found
35,PCun_R_4_4(31),precuneus,6.328,-54.047,34.69,C0030560,C2951169,missing,Parietal Lobe,https://meshb.nlm.nih.gov/record/ui?ui=D010296,https://www.wikidata.org/wiki/Q66570176,LBD not found
34,SFG_L_7_3(9l),superior frontal gyrus,-11.171,48.535,39.743,C0152296,C2951257,http://www.linked-neuron-data.org/resource/superior_frontal_gyrus,Prefrontal Cortex,https://meshb.nlm.nih.gov/record/ui?ui=D017397,https://www.wikidata.org/wiki/Q66570159,MeSH not specific enough
51,SFG_L_7_6(9m),superior frontal gyrus,-4.689,35.844,38.681,C0152296,C2951257,http://www.linked-neuron-data.org/resource/superior_frontal_gyrus,Prefrontal Cortex,https://meshb.nlm.nih.gov/record/ui?ui=D017397,https://www.wikidata.org/wiki/Q66570159,MeSH not specific enough
216,PCun_R_4_1(7m),precuneus,6.321,-64.866,51.014,C0030560,C2951267,missing,Parietal Lobe,https://meshb.nlm.nih.gov/record/ui?ui=D010296,https://www.wikidata.org/wiki/Q66570176,LBD not found
238,CG_R_7_2(24rv),cingulate gyrus,4.548,21.585,11.993,C0018427,C2951271,http://www.linked-neuron-data.org/resource/anterior_cingulate_gyrus,Gyrus Cinguli,https://meshb.nlm.nih.gov/record/ui?ui=D006179,https://www.wikidata.org/wiki/Q66570220,
269,CG_R_7_5(24cd),cingulate gyrus,4.23,6.319,37.909,C0018427,C2951271,http://www.linked-neuron-data.org/resource/anterior_cingulate_gyrus,Gyrus Cinguli,https://meshb.nlm.nih.gov/record/ui?ui=D006179,https://www.wikidata.org/wiki/Q66570220,
265,PhG_R_6_1(35/36r),parahippocampal gyrus,27.337,-8.302,-33.63,C0175194,C2951355,http://www.linked-neuron-data.org/resource/parahippocampal_gyrus,Parahippocampal Gyrus,https://meshb.nlm.nih.gov/record/ui?ui=D020534,https://www.wikidata.org/wiki/Q66570208,
208,FuG_L_3_2(37mv),fusiform gyrus,-30.774,-65.158,-13.986,C0039485,C2951387,http://www.linked-neuron-data.org/resource/lateral_occipitotemporal_gyrus,Temporal Lobe,https://meshb.nlm.nih.gov/record/ui?ui=D013702,https://www.wikidata.org/wiki/Q66570193,MeSH not specific enough"
182,FuG_L_3_3(37lv),fusiform gyrus,-42.145,-50.181,-17.514,C0039485,C2951387,http://www.linked-neuron-data.org/resource/lateral_occipitotemporal_gyrus,Temporal Lobe,https://meshb.nlm.nih.gov/record/ui?ui=D013702,https://www.wikidata.org/wiki/Q66570193,MeSH not specific enough"
19,PCL_R_2_1(1/2/3ll),paracentral lobule,10.021,-34.397,53.983,,C2951545,missing,missing,missing,https://www.wikidata.org/wiki/Q66588105,MeSH not found
20,PoG_R_4_2(1/2/3tl),postcentral gyrus,55.806,-10.035,14.933,C0037658,C2951551,http://www.linked-neuron-data.org/resource/postcentral_gyrus,Somatosensory Cortex,https://meshb.nlm.nih.gov/record/ui?ui=D013003,https://www.wikidata.org/wiki/Q66570168,
119,STG_R_6_4(22c),superior temporal gyrus,66.486,-20.568,6.522,C0039485,C2951618,http://www.linked-neuron-data.org/resource/gyrus_temporalis_superior,Temporal Lobe,https://meshb.nlm.nih.gov/record/ui?ui=D013702,https://www.wikidata.org/wiki/Q66570186,
212,STG_R_6_6(22r),superior temporal gyrus,55.909,-12.029,-5.311,C0039485,C2951618,http://www.linked-neuron-data.org/resource/gyrus_temporalis_superior,Temporal Lobe,https://meshb.nlm.nih.gov/record/ui?ui=D013702,https://www.wikidata.org/wiki/Q66570186,
36,MFG_R_7_6(6vl),middle frontal gyrus,33.616,7.818,54.448,C0152296,C2951756,http://www.linked-neuron-data.org/resource/medial_frontal_gyrus,Prefrontal Cortex,https://meshb.nlm.nih.gov/record/ui?ui=D017397,https://www.wikidata.org/wiki/Q66570160,MeSH not specific enough
213,IFG_R_6_3(45c),inferior frontal gyrus,54.122,23.702,11.995,C0152296,C2951815,http://www.linked-neuron-data.org/resource/prefrontal_cortex,Prefrontal Cortex,https://meshb.nlm.nih.gov/record/ui?ui=D017397,https://www.wikidata.org/wiki/Q1558534,MeSH (+ LBD?) not specific enough
122,IFG_R_6_4(45r),inferior frontal gyrus,51.034,36.445,-0.49,C0152296,C2951815,http://www.linked-neuron-data.org/resource/prefrontal_cortex,Prefrontal Cortex,https://meshb.nlm.nih.gov/record/ui?ui=D017397,https://www.wikidata.org/wiki/Q1558534,MeSH (+ LBD?) not specific enough
261,SFG_L_7_4(6dl),superior frontal gyrus,-18.03,-0.592,64.928,C0152296,C2951820,http://www.linked-neuron-data.org/resource/superior_frontal_gyrus,Prefrontal Cortex,https://meshb.nlm.nih.gov/record/ui?ui=D017397,https://www.wikidata.org/wiki/Q66570159,MeSH not specific enough
31,SFG_L_7_5(6m),superior frontal gyrus,-6.034,-4.774,57.543,C0152296,C2951820,http://www.linked-neuron-data.org/resource/superior_frontal_gyrus,Prefrontal Cortex,https://meshb.nlm.nih.gov/record/ui?ui=D017397,https://www.wikidata.org/wiki/Q66570159,MeSH not specific enough
151,PhG_L_6_4(28/34),parahippocampal gyrus,-18.593,-11.68,-30.185,C0175194,C2951834,http://www.linked-neuron-data.org/resource/parahippocampal_gyrus,Parahippocampal Gyrus,https://meshb.nlm.nih.gov/record/ui?ui=D020534,https://www.wikidata.org/wiki/Q66570209,
274,CG_L_7_3(32p),cingulate gyrus,-5.772,34.103,20.466,C0018427,C2951927,http://www.linked-neuron-data.org/resource/anterior_cingulate_gyrus,Gyrus Cinguli,https://meshb.nlm.nih.gov/record/ui?ui=D006179,https://www.wikidata.org/wiki/Q66570221,
205,CG_L_7_7(32sg),cingulate gyrus,-4.403,39.017,-1.803,C0018427,C2951927,http://www.linked-neuron-data.org/resource/anterior_cingulate_gyrus,Gyrus Cinguli,https://meshb.nlm.nih.gov/record/ui?ui=D006179,https://www.wikidata.org/wiki/Q66570221,
10,MFG_L_7_5(8vl),middle frontal gyrus,-32.915,23.249,45.075,C0152296,C2951983,http://www.linked-neuron-data.org/resource/medial_frontal_gyrus,Prefrontal Cortex,https://meshb.nlm.nih.gov/record/ui?ui=D017397,https://www.wikidata.org/wiki/Q66570161,MeSH not specific enough
136,PhG_R_6_4(28/34),parahippocampal gyrus,18.73,-10.574,-29.326,C0175194,C2952114,http://www.linked-neuron-data.org/resource/parahippocampal_gyrus,Parahippocampal Gyrus,https://meshb.nlm.nih.gov/record/ui?ui=D020534,https://www.wikidata.org/wiki/Q66570208,
173,MFG_L_7_7(10l),middle frontal gyrus,-25.505,60.378,-5.415,C0152296,C2952140,http://www.linked-neuron-data.org/resource/medial_frontal_gyrus,Prefrontal Cortex,https://meshb.nlm.nih.gov/record/ui?ui=D017397,https://www.wikidata.org/wiki/Q66570161,MeSH not specific enough
40,IPL_R_6_1(39c),inferior parietal lobule,45.285,-71.331,20.13,C0030560,C2952175,http://www.linked-neuron-data.org/resource/angular_gyrus,Parietal Lobe,https://meshb.nlm.nih.gov/record/ui?ui=D010296,https://www.wikidata.org/wiki/Q6412501,MeSH (+ LBD?) not specific enough
33,IPL_R_6_2(39rd),inferior parietal lobule,39.409,-65.158,43.472,C0030560,C2952175,http://www.linked-neuron-data.org/resource/angular_gyrus,Parietal Lobe,https://meshb.nlm.nih.gov/record/ui?ui=D010296,https://www.wikidata.org/wiki/Q6412501,MeSH (+ LBD?) not specific enough
9,IPL_R_6_5(39rv),inferior parietal lobule,52.981,-54.399,24.737,C0030560,C2952175,http://www.linked-neuron-data.org/resource/angular_gyrus,Parietal Lobe,https://meshb.nlm.nih.gov/record/ui?ui=D010296,https://www.wikidata.org/wiki/Q6412501,MeSH (+ LBD?) not specific enough
91,MFG_R_7_5(8vl),middle frontal gyrus,41.902,26.785,38.932,C0152296,C2952188,http://www.linked-neuron-data.org/resource/medial_frontal_gyrus,Prefrontal Cortex,https://meshb.nlm.nih.gov/record/ui?ui=D017397,https://www.wikidata.org/wiki/Q66570160,MeSH not specific enough
58,PoG_R_4_1(1/2/3ulhf),postcentral gyrus,49.818,-14.409,44.237,C0037658,C2952350,http://www.linked-neuron-data.org/resource/postcentral_gyrus,Somatosensory Cortex,https://meshb.nlm.nih.gov/record/ui?ui=D013003,https://www.wikidata.org/wiki/Q66570168,
61,FuG_R_3_2(37mv),fusiform gyrus,31.072,-61.788,-13.561,C0039485,C2952528,http://www.linked-neuron-data.org/resource/lateral_occipitotemporal_gyrus,Temporal Lobe,https://meshb.nlm.nih.gov/record/ui?ui=D013702,https://www.wikidata.org/wiki/Q66570192,MeSH not specific enough
98,FuG_R_3_3(37lv),fusiform gyrus,42.583,-49.205,-18.666,C0039485,C2952528,http://www.linked-neuron-data.org/resource/lateral_occipitotemporal_gyrus,Temporal Lobe,https://meshb.nlm.nih.gov/record/ui?ui=D013702,https://www.wikidata.org/wiki/Q66570192,MeSH not specific enough
78,SFG_R_7_7(10m),superior frontal gyrus,7.821,58.202,13.145,C0152296,C2952593,http://www.linked-neuron-data.org/resource/superior_frontal_gyrus,Prefrontal Cortex,https://meshb.nlm.nih.gov/record/ui?ui=D017397,https://www.wikidata.org/wiki/Q66570158,MeSH not specific enough
66,OcG_L_4_3(OPC),occipital gyrus,-17.62,-99.431,2.708,C0028785,C2952625,http://www.linked-neuron-data.org/resource/occipital_gyrus,Occipital Lobe,https://meshb.nlm.nih.gov/record/ui?ui=D009778,https://www.wikidata.org/wiki/Q60768390,MeSH not specific enough
28,MFG_L_7_3(46),middle frontal gyrus,-27.736,55.943,12.424,C0152296,C2952638,http://www.linked-neuron-data.org/resource/medial_frontal_gyrus,Prefrontal Cortex,https://meshb.nlm.nih.gov/record/ui?ui=D017397,https://www.wikidata.org/wiki/Q66570161,MeSH not specific enough
187,PCL_R_2_2(4ll),paracentral lobule,4.608,-21.061,61.121,,C2952740,missing,missing,missing,https://www.wikidata.org/wiki/Q66588105,MeSH not found
201,CG_L_7_1(23d),cingulate gyrus,-3.679,-39.216,31.114,C0018427,C2952755,http://www.linked-neuron-data.org/resource/anterior_cingulate_gyrus,Gyrus Cinguli,https://meshb.nlm.nih.gov/record/ui?ui=D006179,https://www.wikidata.org/wiki/Q66570221,"
162,CG_L_7_4(23v),cingulate gyrus,-8.364,-47.161,9.516,C0018427,C2952755,http://www.linked-neuron-data.org/resource/anterior_cingulate_gyrus,Gyrus Cinguli,https://meshb.nlm.nih.gov/record/ui?ui=D006179,https://www.wikidata.org/wiki/Q66570221,"
244,CG_L_7_6(23c),cingulate gyrus,-7.425,-22.604,40.629,C0018427,C2952755,http://www.linked-neuron-data.org/resource/anterior_cingulate_gyrus,Gyrus Cinguli,https://meshb.nlm.nih.gov/record/ui?ui=D006179,https://www.wikidata.org/wiki/Q66570221,"
249,pSTS_R_2_1(rpSTS),posterior superior temporal sulcus,52.495,-36.733,3.131,C0039485,C2952785,http://www.linked-neuron-data.org/resource/temporal_sulcus,Temporal Lobe,https://meshb.nlm.nih.gov/record/ui?ui=D013702,https://www.wikidata.org/wiki/Q732362,MeSH not specific enough
86,pSTS_R_2_2(cpSTS),posterior superior temporal sulcus,56.707,-40,12.178,C0039485,C2952785,http://www.linked-neuron-data.org/resource/temporal_sulcus,Temporal Lobe,https://meshb.nlm.nih.gov/record/ui?ui=D013702,https://www.wikidata.org/wiki/Q732362,MeSH not specific enough
90,MFG_R_7_1(9/46d),middle frontal gyrus,30.157,36.999,35.776,C0152296,C2952904,http://www.linked-neuron-data.org/resource/medial_frontal_gyrus,Prefrontal Cortex,https://meshb.nlm.nih.gov/record/ui?ui=D017397,https://www.wikidata.org/wiki/Q66570160,MeSH not specific enough
220,MFG_R_7_4(9/46v),middle frontal gyrus,41.79,44.227,13.503,C0152296,C2952904,http://www.linked-neuron-data.org/resource/medial_frontal_gyrus,Prefrontal Cortex,https://meshb.nlm.nih.gov/record/ui?ui=D017397,https://www.wikidata.org/wiki/Q66570160,MeSH not specific enough
1,ITG_R_7_2(37elv),inferior temporal gyrus,53.27,-52.461,-18.131,C0039485,C2953017,http://www.linked-neuron-data.org/resource/gyrus_temporalis_inferior,Temporal Lobe,https://meshb.nlm.nih.gov/record/ui?ui=D013702,https://www.wikidata.org/wiki/Q66570190,MeSH not specific enough
263,ITG_R_7_5(37vl),inferior temporal gyrus,54.003,-56.948,-8.224,C0039485,C2953017,http://www.linked-neuron-data.org/resource/gyrus_temporalis_inferior,Temporal Lobe,https://meshb.nlm.nih.gov/record/ui?ui=D013702,https://www.wikidata.org/wiki/Q66570190,MeSH not specific enough
5,PoG_L_4_3(2),postcentral gyrus,-45.875,-29.856,49.958,C0037658,C2953019,http://www.linked-neuron-data.org/resource/postcentral_gyrus,Somatosensory Cortex,https://meshb.nlm.nih.gov/record/ui?ui=D013003,https://www.wikidata.org/wiki/Q66570169,
56,STG_L_6_4(22c),superior temporal gyrus,-62.319,-33.21,7.326,C0039485,C2953045,http://www.linked-neuron-data.org/resource/gyrus_temporalis_superior,Temporal Lobe,https://meshb.nlm.nih.gov/record/ui?ui=D013702,https://www.wikidata.org/wiki/Q66570187,
80,STG_L_6_6(22r),superior temporal gyrus,-54.949,-3.273,-10.328,C0039485,C2953045,http://www.linked-neuron-data.org/resource/gyrus_temporalis_superior,Temporal Lobe,https://meshb.nlm.nih.gov/record/ui?ui=D013702,https://www.wikidata.org/wiki/Q66570187,
93,SFG_R_7_3(9l),superior frontal gyrus,12.9,48.167,40.148,C0152296,C2953188,http://www.linked-neuron-data.org/resource/superior_frontal_gyrus,Prefrontal Cortex,https://meshb.nlm.nih.gov/record/ui?ui=D017397,https://www.wikidata.org/wiki/Q66570158,MeSH not specific enough
54,SFG_R_7_6(9m),superior frontal gyrus,5.951,37.806,35.146,C0152296,C2953188,http://www.linked-neuron-data.org/resource/superior_frontal_gyrus,Prefrontal Cortex,https://meshb.nlm.nih.gov/record/ui?ui=D017397,https://www.wikidata.org/wiki/Q66570158,MeSH not specific enough
118,IFG_L_6_2(IFS),inferior frontal gyrus,-47.357,31.889,13.744,C0152296,C2953203,http://www.linked-neuron-data.org/resource/prefrontal_cortex,Prefrontal Cortex,https://meshb.nlm.nih.gov/record/ui?ui=D017397,https://www.wikidata.org/wiki/Q1558534,MeSH (+ LBD?) not specific enough
83,PCun_R_4_3(dmPOS),precuneus,16.3,-63.685,24.912,C0030560,C2953223,missing,Parietal Lobe,https://meshb.nlm.nih.gov/record/ui?ui=D010296,https://www.wikidata.org/wiki/Q66570176,LBD not found
42,ITG_L_7_2(37elv),inferior temporal gyrus,-50.531,-56.986,-14.637,C0039485,C2953231,http://www.linked-neuron-data.org/resource/gyrus_temporalis_inferior,Temporal Lobe,https://meshb.nlm.nih.gov/record/ui?ui=D013702,https://www.wikidata.org/wiki/Q66570191,MeSH not specific enough"
250,ITG_L_7_5(37vl),inferior temporal gyrus,-55.144,-60.116,-5.86,C0039485,C2953231,http://www.linked-neuron-data.org/resource/gyrus_temporalis_inferior,Temporal Lobe,https://meshb.nlm.nih.gov/record/ui?ui=D013702,https://www.wikidata.org/wiki/Q66570191,MeSH not specific enough"
133,MTG_R_4_1(21c),middle temporal gyrus,64.823,-28.799,-13.206,C0039485,C2953264,http://www.linked-neuron-data.org/resource/middle_temporal_gyrus,Temporal Lobe,https://meshb.nlm.nih.gov/record/ui?ui=D013702,https://www.wikidata.org/wiki/Q66570188,MeSH not specific enough
206,MTG_R_4_2(21r),middle temporal gyrus,51.425,5.556,-31.851,C0039485,C2953264,http://www.linked-neuron-data.org/resource/middle_temporal_gyrus,Temporal Lobe,https://meshb.nlm.nih.gov/record/ui?ui=D013702,https://www.wikidata.org/wiki/Q66570188,MeSH not specific enough
95,SFG_L_7_7(10m),superior frontal gyrus,-7.695,56.027,15.206,C0152296,C2953288,http://www.linked-neuron-data.org/resource/superior_frontal_gyrus,Prefrontal Cortex,https://meshb.nlm.nih.gov/record/ui?ui=D017397,https://www.wikidata.org/wiki/Q66570159,MeSH not specific enough
225,STG_R_6_2(41/42),superior temporal gyrus,53.849,-23.575,10.507,C0039485,C2953323,http://www.linked-neuron-data.org/resource/gyrus_temporalis_superior,Temporal Lobe,https://meshb.nlm.nih.gov/record/ui?ui=D013702,https://www.wikidata.org/wiki/Q66570186,
16,MFG_R_7_7(10l),middle frontal gyrus,25.512,61.356,-3.794,C0152296,C2953343,http://www.linked-neuron-data.org/resource/medial_frontal_gyrus,Prefrontal Cortex,https://meshb.nlm.nih.gov/record/ui?ui=D017397,https://www.wikidata.org/wiki/Q66570160,MeSH not specific enough
24,OrG_L_6_5(13),orbital gyrus,-10.261,17.746,-18.793,C0152296,C2953349,http://www.linked-neuron-data.org/resource/lateral_orbital_gyrus,Prefrontal Cortex,https://meshb.nlm.nih.gov/record/ui?ui=D017397,https://www.wikidata.org/wiki/Q5494792,LBD: only lateral orbital gyrus"
147,OcG_R_4_4(iOccG),occipital gyrus,32.252,-84.548,-11.463,C0028785,C2953451,http://www.linked-neuron-data.org/resource/occipital_gyrus,Occipital Lobe,https://meshb.nlm.nih.gov/record/ui?ui=D009778,https://www.wikidata.org/wiki/Q60768390,MeSH not specific enough
214,SPL_R_5_3(5l),superior parietal lobule,35.271,-42.043,53.876,C0030560,C2953470,http://www.linked-neuron-data.org/resource/superior_parietal_lobule,Parietal Lobe,https://meshb.nlm.nih.gov/record/ui?ui=D010296,https://www.wikidata.org/wiki/Q66570174,
243,MTG_L_4_3(37dl),middle temporal gyrus,-59.173,-57.41,4.22,C0039485,C2953479,http://www.linked-neuron-data.org/resource/middle_temporal_gyrus,Temporal Lobe,https://meshb.nlm.nih.gov/record/ui?ui=D013702,https://www.wikidata.org/wiki/Q66570189,MeSH not specific enough
43,MTG_L_4_1(21c),middle temporal gyrus,-64.96,-29.907,-11.927,C0039485,C2953520,http://www.linked-neuron-data.org/resource/middle_temporal_gyrus,Temporal Lobe,https://meshb.nlm.nih.gov/record/ui?ui=D013702,https://www.wikidata.org/wiki/Q66570189,MeSH not specific enough
27,MTG_L_4_2(21r),middle temporal gyrus,-53.001,2.187,-29.669,C0039485,C2953520,http://www.linked-neuron-data.org/resource/middle_temporal_gyrus,Temporal Lobe,https://meshb.nlm.nih.gov/record/ui?ui=D013702,https://www.wikidata.org/wiki/Q66570189,MeSH not specific enough
37,OcG_R_4_3(OPC),occipital gyrus,21.979,-97.166,4.348,C0028785,C2953587,http://www.linked-neuron-data.org/resource/occipital_gyrus,Occipital Lobe,https://meshb.nlm.nih.gov/record/ui?ui=D009778,https://www.wikidata.org/wiki/Q60768390,MeSH not specific enough
131,CG_L_7_2(24rv),cingulate gyrus,-3.363,8.603,25.023,C0018427,C2953649,http://www.linked-neuron-data.org/resource/anterior_cingulate_gyrus,Gyrus Cinguli,https://meshb.nlm.nih.gov/record/ui?ui=D006179,https://www.wikidata.org/wiki/Q66570221,
84,CG_L_7_5(24cd),cingulate gyrus,-4.727,6.887,37.283,C0018427,C2953649,http://www.linked-neuron-data.org/resource/anterior_cingulate_gyrus,Gyrus Cinguli,https://meshb.nlm.nih.gov/record/ui?ui=D006179,https://www.wikidata.org/wiki/Q66570221,
239,PrG_R_6_1(4hf),precentral gyrus,54.821,-2.269,32.877,C0016733,C2953761,http://www.linked-neuron-data.org/resource/precentral_gyrus,Frontal Lobe,https://meshb.nlm.nih.gov/record/ui?ui=D005625,https://www.wikidata.org/wiki/Q66570166,
223,PrG_R_6_3(4ul),precentral gyrus,34.258,-18.828,58.49,C0016733,C2953761,http://www.linked-neuron-data.org/resource/precentral_gyrus,Frontal Lobe,https://meshb.nlm.nih.gov/record/ui?ui=D005625,https://www.wikidata.org/wiki/Q66570166,
246,PrG_R_6_4(4t),precentral gyrus,15.157,-21.511,70.977,C0016733,C2953761,http://www.linked-neuron-data.org/resource/precentral_gyrus,Frontal Lobe,https://meshb.nlm.nih.gov/record/ui?ui=D005625,https://www.wikidata.org/wiki/Q66570166,
210,PrG_R_6_5(4tl),precentral gyrus,53.683,3.77,8.94,C0016733,C2953761,http://www.linked-neuron-data.org/resource/precentral_gyrus,Frontal Lobe,https://meshb.nlm.nih.gov/record/ui?ui=D005625,https://www.wikidata.org/wiki/Q66570166,
221,PCL_L_2_1(1/2/3ll),paracentral lobule,-7.701,-38.048,58.297,,C2953777,missing,missing,missing,https://www.wikidata.org/wiki/Q66588106,MeSH + LBD not found
134,CG_R_7_1(23d),cingulate gyrus,4.558,-36.896,31.58,C0018427,C2953800,http://www.linked-neuron-data.org/resource/anterior_cingulate_gyrus,Gyrus Cinguli,https://meshb.nlm.nih.gov/record/ui?ui=D006179,https://www.wikidata.org/wiki/Q66570220,
113,CG_R_7_4(23v),cingulate gyrus,8.469,-43.892,11.361,C0018427,C2953800,http://www.linked-neuron-data.org/resource/anterior_cingulate_gyrus,Gyrus Cinguli,https://meshb.nlm.nih.gov/record/ui?ui=D006179,https://www.wikidata.org/wiki/Q66570220,
139,CG_R_7_6(23c),cingulate gyrus,6.35,-20.126,40.437,C0018427,C2953800,http://www.linked-neuron-data.org/resource/anterior_cingulate_gyrus,Gyrus Cinguli,https://meshb.nlm.nih.gov/record/ui?ui=D006179,https://www.wikidata.org/wiki/Q66570220,
85,PCun_L_4_1(7m),precuneus,-4.843,-63.564,50.805,C0030560,C2953847,missing,Parietal Lobe,https://meshb.nlm.nih.gov/record/ui?ui=D010296,https://www.wikidata.org/wiki/Q66570177,MeSH not specific enough
254,MFG_L_7_1(9/46d),middle frontal gyrus,-27.249,42.654,30.936,C0152296,C2953918,http://www.linked-neuron-data.org/resource/medial_frontal_gyrus,Prefrontal Cortex,https://meshb.nlm.nih.gov/record/ui?ui=D017397,https://www.wikidata.org/wiki/Q66570161,MeSH not specific enough
14,MFG_L_7_4(9/46v),middle frontal gyrus,-40.762,40.797,16.153,C0152296,C2953918,http://www.linked-neuron-data.org/resource/medial_frontal_gyrus,Prefrontal Cortex,https://meshb.nlm.nih.gov/record/ui?ui=D017397,https://www.wikidata.org/wiki/Q66570161,MeSH not specific enough
100,IFG_L_6_1(44d),inferior frontal gyrus,-45.893,13.45,23.773,C0152296,C2953954,http://www.linked-neuron-data.org/resource/prefrontal_cortex,Prefrontal Cortex,https://meshb.nlm.nih.gov/record/ui?ui=D017397,https://www.wikidata.org/wiki/Q1558534,MeSH (+ LBD?) not specific enough
73,IFG_L_6_5(44op),inferior frontal gyrus,-39.472,22.843,3.724,C0152296,C2953954,http://www.linked-neuron-data.org/resource/prefrontal_cortex,Prefrontal Cortex,https://meshb.nlm.nih.gov/record/ui?ui=D017397,https://www.wikidata.org/wiki/Q1558534,MeSH (+ LBD?) not specific enough
260,IFG_L_6_6(44v),inferior frontal gyrus,-51.644,13.494,6.311,C0152296,C2953954,http://www.linked-neuron-data.org/resource/prefrontal_cortex,Prefrontal Cortex,https://meshb.nlm.nih.gov/record/ui?ui=D017397,https://www.wikidata.org/wiki/Q1558534,MeSH (+ LBD?) not specific enough
176,SFG_R_7_4(6dl),superior frontal gyrus,20.186,4.196,63.922,C0152296,C2954080,http://www.linked-neuron-data.org/resource/superior_frontal_gyrus,Prefrontal Cortex,https://meshb.nlm.nih.gov/record/ui?ui=D017397,https://www.wikidata.org/wiki/Q66570158,MeSH not specific enough
218,SFG_R_7_5(6m),superior frontal gyrus,7.4,-3.715,59.76,C0152296,C2954080,http://www.linked-neuron-data.org/resource/superior_frontal_gyrus,Prefrontal Cortex,https://meshb.nlm.nih.gov/record/ui?ui=D017397,https://www.wikidata.org/wiki/Q66570158,MeSH not specific enough
44,PrG_R_6_2(6cdl),precentral gyrus,33.109,-6.735,56.53,C0016733,C2954098,http://www.linked-neuron-data.org/resource/precentral_gyrus,Frontal Lobe,https://meshb.nlm.nih.gov/record/ui?ui=D005625,https://www.wikidata.org/wiki/Q66570166,
156,PrG_R_6_6(6cvl),precentral gyrus,51.192,7.17,30.368,C0016733,C2954098,http://www.linked-neuron-data.org/resource/precentral_gyrus,Frontal Lobe,https://meshb.nlm.nih.gov/record/ui?ui=D005625,https://www.wikidata.org/wiki/Q66570166,
229,PoG_L_4_2(1/2/3tl),postcentral gyrus,-55.98,-13.982,16.214,C0037658,C2954103,http://www.linked-neuron-data.org/resource/postcentral_gyrus,Somatosensory Cortex,https://meshb.nlm.nih.gov/record/ui?ui=D013003,https://www.wikidata.org/wiki/Q66570169,
115,STG_L_6_1(38m),superior temporal gyrus,-31.73,13.842,-34.53,C0039485,C2954105,http://www.linked-neuron-data.org/resource/gyrus_temporalis_superior,Temporal Lobe,https://meshb.nlm.nih.gov/record/ui?ui=D013702,https://www.wikidata.org/wiki/Q66570187,
179,STG_L_6_5(38l),superior temporal gyrus,-44.753,10.797,-19.534,C0039485,C2954105,http://www.linked-neuron-data.org/resource/gyrus_temporalis_superior,Temporal Lobe,https://meshb.nlm.nih.gov/record/ui?ui=D013702,https://www.wikidata.org/wiki/Q66570187,
163,FuG_L_3_1(20rv),fusiform gyrus,-32.779,-16.187,-32.228,C0039485,C2954150,http://www.linked-neuron-data.org/resource/lateral_occipitotemporal_gyrus,Temporal Lobe,https://meshb.nlm.nih.gov/record/ui?ui=D013702,https://www.wikidata.org/wiki/Q66570193,MeSH not specific enough
57,PCun_L_4_3(dmPOS),precuneus,-11.987,-66.432,25.23,C0030560,C2954204,missing,Parietal Lobe,https://meshb.nlm.nih.gov/record/ui?ui=D010296,https://www.wikidata.org/wiki/Q66570177,LBD not found
17,MFG_R_7_3(46),middle frontal gyrus,27.692,54.946,17.105,C0152296,C2954217,http://www.linked-neuron-data.org/resource/medial_frontal_gyrus,Prefrontal Cortex,https://meshb.nlm.nih.gov/record/ui?ui=D017397,https://www.wikidata.org/wiki/Q66570160,MeSH not specific enough
,Cb_Vermis_Crus_I,Cerebellar Crus,,,,C3495416,C3495416,http://www.linked-neuron-data.org/resource/cerebral_crus,Cerebral Crus,https://meshb.nlm.nih.gov/record/ui?ui=D065843,https://www.wikidata.org/wiki/Q66599002,
138,Cb_Vermis_Crus_II,Cerebellar Crus,-0.206,-74.972,-31.28,C3495416,C3495416,http://www.linked-neuron-data.org/resource/cerebral_crus,Cerebral Crus,https://meshb.nlm.nih.gov/record/ui?ui=D065843,https://www.wikidata.org/wiki/Q66599002,
